{
    "total_runtime": 2393.354048013687,
    "num_documents": 1532,
    "input_load_time": 0,
    "workflows": {
        "create_base_text_units": {
            "overall": 0.6971518993377686
        },
        "create_final_documents": {
            "overall": 0.03406214714050293
        },
        "extract_graph": {
            "overall": 1066.6481981277466
        },
        "finalize_graph": {
            "overall": 0.19180703163146973
        },
        "create_communities": {
            "overall": 0.5370969772338867
        },
        "create_final_text_units": {
            "overall": 0.11934328079223633
        },
        "create_community_reports": {
            "overall": 1293.9917080402374
        },
        "generate_text_embeddings": {
            "overall": 31.067246913909912
        }
    }
}